model,mae,rmse
TFT,11.615320822269425,17.624082058887353
Persistence 24h,7.063536383633564,11.396384212557672
Rolling mean 24h,5.68201258083088,9.13040288250275
